[
    {
      "id": 1,
      "title": "vitejs",
      "image": "https://vitejs.dev/logo-with-shadow.png",
      "description": "Vite is a local development server written by Evan You and used by default by Vue and for React project templates. It has support for TypeScript and JSX.",
      "link": "https://vitejs.dev/"
    },
    {
      "id": 2,
      "title": "javascript",
      "image": "https://logos-world.net/wp-content/uploads/2023/02/JavaScript-Logo.png",
      "description": "JavaScript, often abbreviated as JS, is a programming language that is one of the core technologies of the World Wide Web, alongside HTML and CSS.",
      "link": "https://www.w3schools.com/js/"
    },
    {
      "id": 3,
      "title": "css",
      "image": "https://www.oxfordwebstudio.com/user/pages/06.da-li-znate/sta-je-css/sta-je-css.png",
      "description": "Cascading Style Sheets is a style sheet language used for describing the presentation of a document written in a markup language such as HTML or XML. CSS is a cornerstone technology of the World Wide Web, alongside HTML and JavaScript ",
      "link": "https://www.w3schools.com/css/"
    },
    {
      "id": 4,
      "title": "html",
      "image": "https://www.oxfordwebstudio.com/user/pages/06.da-li-znate/sta-je-html/sta-je-html.jpg",
      "description": "The HyperText Markup Language or HTML is the standard markup language for documents designed to be displayed in a web browser.",
      "link": "https://www.w3schools.com/html/"
    },
    {
      "id": 5,
      "title": "sheets",
      "image": "https://miro.medium.com/v2/resize:fit:717/1*pHglcoa-BSouiNT7R2p9yQ.png",
      "description": "Google Sheets is a spreadsheet application included as part of the free, web-based Google Docs Editors suite offered by Google.",
      "link": "https://www.google.com/sheets/about/"
    },
    {
      "id": 6,
      "title": "json",
      "image": "https://upload.wikimedia.org/wikipedia/commons/thumb/c/c9/JSON_vector_logo.svg/1200px-JSON_vector_logo.svg.png",
      "description": "JSON is an open standard file format and data interchange format that uses human-readable text to store and transmit data objects consisting of attribute–value pairs and arrays.",
      "link": "https://www.json.org/json-en.html"
    }
  ]